mortstat,mortality_heart,mortality_malignant_neoplasms,mortality_any_other
0.20525473459589225,0.05668178180848226,0.038676980528140836,0.10989597225926914
