mortstat,mortality_heart,mortality_malignant_neoplasms,mortality_any_other
0.11016271005601494,0.031475060016004267,0.02147239263803681,0.05721525740197386
