mortstat,mortality_heart,mortality_malignant_neoplasms,mortality_any_other
0.27233929047746064,0.07642037876767138,0.0472125900240064,0.14870632168578288
