mortstat,mortality_heart,mortality_malignant_neoplasms,mortality_chronic_lower_respiratory,mortality_accidents,mortality_cerebrovascular,mortality_alzheimer,mortality_diabetes_mellitus,mortality_influenza_pneumonia,mortality_nephrosis,mortality_other
0.09262295081967213,0.020081967213114754,0.022540983606557378,0.0036885245901639345,0.001639344262295082,0.0069672131147540985,0.004098360655737705,0.0036885245901639345,0.001639344262295082,0.002459016393442623,0.025819672131147543
