mortstat,mortality_heart,mortality_malignant_neoplasms,mortality_chronic_lower_respiratory,mortality_accidents,mortality_cerebrovascular,mortality_alzheimer,mortality_diabetes_mellitus,mortality_influenza_pneumonia,mortality_nephrosis,mortality_other
NA,0.05737704918032787,0.048770491803278686,0.011065573770491803,0.004508196721311476,0.01762295081967213,0.010655737704918032,0.013524590163934426,0.004098360655737705,0.005737704918032787,0.06352459016393443
