mortstat,mortality_heart,mortality_malignant_neoplasms,mortality_any_other
0.09262295081967213,0.020081967213114754,0.022540983606557378,0.004508196721311476
