mortstat,mortality_heart,mortality_malignant_neoplasms,mortality_any_other
0.21123679983595914,0.053108232801339667,0.05129694815624893,0.10679744369638769
