mortstat,mortality_heart,mortality_malignant_neoplasms,mortality_any_other
0.14910631899114862,0.03762687536311131,0.038447079730699565,0.0729981887153549
