mortstat,mortality_heart,mortality_malignant_neoplasms,mortality_any_other
0.07805611564881583,0.02077851064556919,0.02088103619151772,0.036396568811728924
