mortstat,mortality_heart,mortality_malignant_neoplasms,mortality_any_other
0.23688524590163934,0.05737704918032787,0.048770491803278686,0.1307377049180328
