Year Site Removed,Sample Size,ARI
19992000,174,0.9862826407857102
20012002,188,0.9483576198064922
20032004,185,0.4671673011292766
20052006,175,0.47049792275164787
20072008,318,0.4841712443511353
20092010,318,0.8755317459108124
20112012,271,0.48556329151103694
20132014,233,0.9565829220676308
20152016,294,0.5294282456402595
20172018,284,0.971440847467356
